antecedents,consequents,antecedent support,consequent support,support,confidence,lift,representativity,leverage,conviction,zhangs_metric,jaccard,certainty,kulczynski
"frozenset({'YesForgetfulness', 'NoDifficultyCompletingTasks', 'NoHeadInjury', 'NoFamilyHistoryAlzheimers', 'NoConfusion'})","frozenset({'NoMemoryComplaints', 'NoCardiovascularDisease', 'NoDisorientation'})",0.13102951763858892,0.6450683945284377,0.10367170626349892,0.7912087912087912,1.226550235478807,1.0,0.01914870568453876,1.6999355841006403,0.21255638405596983,0.15417558886509636,0.4117424157992109,0.47596153846153844
"frozenset({'YesForgetfulness', 'NoDifficultyCompletingTasks', 'NoFamilyHistoryAlzheimers', 'NoConfusion'})","frozenset({'NoMemoryComplaints', 'NoCardiovascularDisease', 'NoDisorientation', 'NoHeadInjury'})",0.14542836573074155,0.5845932325413967,0.10367170626349892,0.7128712871287128,1.2194313027361847,1.0,0.018655267837752232,1.4467615004592733,0.21056819245530267,0.16551724137931031,0.3088010707483225,0.4451055943032727
"frozenset({'YesForgetfulness', 'NoDifficultyCompletingTasks', 'NoFamilyHistoryAlzheimers', 'NoConfusion'})","frozenset({'NoMemoryComplaints', 'NoCardiovascularDisease', 'NoDisorientation'})",0.14542836573074155,0.6450683945284377,0.11375089992800576,0.7821782178217821,1.2125508309759547,1.0,0.01993965752718184,1.6294587342103537,0.20512300982159043,0.16808510638297874,0.38629927901512245,0.4792587517680339
