antecedents,consequents,antecedent support,consequent support,support,confidence,lift,leverage
frozenset({'Depression'}),frozenset({'Hypertension'}),0.20055839925546767,0.14890646812470917,0.034434620753839,0.1716937354988399,1.1530307424593966,0.0045701778679620025
frozenset({'Hypertension'}),frozenset({'Depression'}),0.14890646812470917,0.20055839925546767,0.034434620753839,0.23125,1.1530307424593966,0.0045701778679620025
frozenset({'FamilyHistoryAlzheimers'}),frozenset({'CardiovascularDisease'}),0.25221033038622614,0.14425314099581202,0.03955328059562587,0.15682656826568267,1.087162242590168,0.003171148245821258
frozenset({'CardiovascularDisease'}),frozenset({'FamilyHistoryAlzheimers'}),0.14425314099581202,0.25221033038622614,0.03955328059562587,0.27419354838709675,1.0871622425901677,0.003171148245821258
frozenset({'FamilyHistoryAlzheimers'}),frozenset({'Hypertension'}),0.25221033038622614,0.14890646812470917,0.03955328059562587,0.15682656826568267,1.0531884225092252,0.0019975310732469193
frozenset({'Hypertension'}),frozenset({'FamilyHistoryAlzheimers'}),0.14890646812470917,0.25221033038622614,0.03955328059562587,0.265625,1.0531884225092252,0.0019975310732469193
