antecedents,consequents,antecedent support,consequent support,support,confidence,lift,leverage
"frozenset({'NoCardiovascularDisease', 'NoDepression', 'NoHeadInjury'})",frozenset({'NoDiabetes'}),0.6144736842105263,0.8644736842105263,0.5486842105263158,0.892933618843683,1.0329216899866045,0.01748788088642661
frozenset({'NoDiabetes'}),"frozenset({'NoCardiovascularDisease', 'NoDepression', 'NoHeadInjury'})",0.8644736842105263,0.6144736842105263,0.5486842105263158,0.634703196347032,1.0329216899866045,0.01748788088642661
"frozenset({'NoHypertension', 'NoDiabetes'})","frozenset({'NoDepression', 'NoHeadInjury'})",0.725,0.7328947368421053,0.5486842105263158,0.7568058076225045,1.0326255184795394,0.017335526315789496
"frozenset({'NoDepression', 'NoHeadInjury'})","frozenset({'NoHypertension', 'NoDiabetes'})",0.7328947368421053,0.725,0.5486842105263158,0.748653500897666,1.0326255184795394,0.017335526315789496
frozenset({'NoDiabetes'}),"frozenset({'NoCardiovascularDisease', 'NoDepression', 'NoHypertension'})",0.8644736842105263,0.5684210526315789,0.506578947368421,0.5859969558599696,1.030920570494391,0.015193905817174502
"frozenset({'NoCardiovascularDisease', 'NoDepression', 'NoHypertension'})",frozenset({'NoDiabetes'}),0.5684210526315789,0.8644736842105263,0.506578947368421,0.8912037037037036,1.030920570494391,0.015193905817174502
