antecedents,consequents,antecedent support,consequent support,support,confidence,lift,representativity,leverage,conviction,zhangs_metric,jaccard,certainty,kulczynski
"frozenset({'NoCardiovascularDisease', 'NoHypertension', 'NoHeadInjury'})","frozenset({'NoDiagnosis', 'NoFamilyHistoryAlzheimers'})",0.6561191251744998,0.47650069799906936,0.322940902745463,0.4921985815602837,1.0329440935283687,1.0,0.010299681629275081,1.0309134299180336,0.09274547347650226,0.3988505747126437,0.029986446020488514,0.5849664782801418
"frozenset({'NoDiagnosis', 'NoFamilyHistoryAlzheimers'})","frozenset({'NoCardiovascularDisease', 'NoHypertension', 'NoHeadInjury'})",0.47650069799906936,0.6561191251744998,0.322940902745463,0.677734375,1.0329440935283687,1.0,0.010299681629275081,1.0670727752160978,0.060923471021453485,0.3988505747126437,0.06285679550067658,0.5849664782801418
"frozenset({'NoDiagnosis', 'NoFamilyHistoryAlzheimers', 'NoHeadInjury'})","frozenset({'NoCardiovascularDisease', 'NoHypertension'})",0.4304327594229874,0.7268496975337366,0.322940902745463,0.7502702702702703,1.0322220299685088,1.0,0.01008098175025296,1.0937836787068989,0.05480684108417619,0.3870607919687675,0.0857424374971223,0.5972862234834065
"frozenset({'NoCardiovascularDisease', 'NoHypertension'})","frozenset({'NoDiagnosis', 'NoFamilyHistoryAlzheimers', 'NoHeadInjury'})",0.7268496975337366,0.4304327594229874,0.322940902745463,0.44430217669654287,1.0322220299685088,1.0,0.01008098175025296,1.0249585596558684,0.11428206726921919,0.3870607919687675,0.024350798791561,0.5972862234834065
