antecedents,consequents,antecedent support,consequent support,support,confidence,lift,leverage
frozenset({'DifficultyCompletingTasks'}),frozenset({'PersonalityChanges'}),0.1631578947368421,0.14078947368421052,0.02894736842105263,0.17741935483870966,1.2601748567983118,0.005976454293628808
frozenset({'PersonalityChanges'}),frozenset({'DifficultyCompletingTasks'}),0.14078947368421052,0.1631578947368421,0.02894736842105263,0.205607476635514,1.2601748567983115,0.005976454293628808
frozenset({'PersonalityChanges'}),frozenset({'Confusion'}),0.14078947368421052,0.19473684210526315,0.02894736842105263,0.205607476635514,1.0558221773175045,0.0015304709141274256
frozenset({'Confusion'}),frozenset({'PersonalityChanges'}),0.19473684210526315,0.14078947368421052,0.02894736842105263,0.14864864864864866,1.0558221773175045,0.0015304709141274256
