antecedents,consequents,antecedent support,consequent support,support,confidence,lift,representativity,leverage,conviction,zhangs_metric,jaccard,certainty,kulczynski
"frozenset({'NoDifficultyCompletingTasks', 'NoConfusion'})",frozenset({'NoPersonalityChanges'}),0.6605263157894737,0.8592105263157894,0.5776315789473684,0.8745019920318724,1.017797111706314,1.0,0.010100415512465322,1.1218462823725976,0.051508890890148255,0.6131284916201116,0.10861227985255194,0.7733918842242058
frozenset({'NoPersonalityChanges'}),"frozenset({'NoDifficultyCompletingTasks', 'NoConfusion'})",0.8592105263157894,0.6605263157894737,0.5776315789473684,0.6722817764165391,1.017797111706314,1.0,0.010100415512465322,1.0358706345302509,0.12419900794073123,0.6131284916201116,0.03462848866887465,0.7733918842242058
"frozenset({'NoDifficultyCompletingTasks', 'NoDisorientation'})",frozenset({'NoPersonalityChanges'}),0.7052631578947368,0.8592105263157894,0.6131578947368421,0.8694029850746269,1.0118625859980344,1.0,0.007188365650969586,1.0780451127819553,0.039776210913550276,0.6445366528354081,0.0723950341749202,0.7915161939155677
frozenset({'NoPersonalityChanges'}),"frozenset({'NoDifficultyCompletingTasks', 'NoDisorientation'})",0.8592105263157894,0.7052631578947368,0.6131578947368421,0.7136294027565084,1.0118625859980344,1.0,0.007188365650969586,1.0292147481001972,0.08326982471621738,0.6445366528354081,0.028385473638153712,0.7915161939155677
