antecedents,consequents,antecedent support,consequent support,support,confidence,lift,representativity,leverage,conviction,zhangs_metric,jaccard,certainty,kulczynski
"frozenset({'YesForgetfulness', 'NoDifficultyCompletingTasks', 'NoConfusion'})",frozenset({'NoDisorientation'}),0.20009306654257794,0.8417868776174965,0.17729176361098184,0.8860465116279069,1.0525781942998187,1.0,0.008856045893195191,1.3884008698872752,0.062447037052305525,0.20505920344456408,0.2797469220246236,0.5483300551506035
"frozenset({'YesForgetfulness', 'NoDifficultyCompletingTasks', 'NoPersonalityChanges', 'NoConfusion'})",frozenset({'NoDisorientation'}),0.17124243834341554,0.8417868776174965,0.15169846440204746,0.8858695652173912,1.052367990963059,1.0,0.007548826913337026,1.3862483103990777,0.06004416075617539,0.17612101566720692,0.27862851662404065,0.5330398130122335
