antecedents,consequents,antecedent support,consequent support,support,confidence,lift,leverage
"frozenset({'NoPersonalityChanges', 'NoConfusion'})","frozenset({'NoDifficultyCompletingTasks', 'NoForgetfulness'})",0.6645068394528437,0.5874730021598272,0.4031677465802736,0.6067172264355364,1.0327576317634315,0.01278791865117318
"frozenset({'NoDifficultyCompletingTasks', 'NoForgetfulness'})","frozenset({'NoPersonalityChanges', 'NoConfusion'})",0.5874730021598272,0.6645068394528437,0.4031677465802736,0.6862745098039216,1.0327576317634313,0.01278791865117318
"frozenset({'NoPersonalityChanges', 'NoForgetfulness'})","frozenset({'NoDifficultyCompletingTasks', 'NoConfusion'})",0.5896328293736501,0.6681065514758819,0.4031677465802736,0.6837606837606838,1.0234305923961096,0.009230190310477115
"frozenset({'NoDifficultyCompletingTasks', 'NoConfusion'})","frozenset({'NoPersonalityChanges', 'NoForgetfulness'})",0.6681065514758819,0.5896328293736501,0.4031677465802736,0.603448275862069,1.0234305923961096,0.009230190310477115
"frozenset({'NoPersonalityChanges', 'NoDifficultyCompletingTasks', 'NoForgetfulness'})",frozenset({'NoConfusion'}),0.4996400287976962,0.7890568754499641,0.4031677465802736,0.8069164265129684,1.0226340478344096,0.00892334660743338
frozenset({'NoConfusion'}),"frozenset({'NoPersonalityChanges', 'NoDifficultyCompletingTasks', 'NoForgetfulness'})",0.7890568754499641,0.4996400287976962,0.4031677465802736,0.5109489051094891,1.0226340478344096,0.00892334660743338
"frozenset({'NoDifficultyCompletingTasks', 'NoForgetfulness', 'NoDisorientation'})","frozenset({'NoPersonalityChanges', 'NoConfusion'})",0.48524118070554356,0.6645068394528437,0.32901367890568756,0.6780415430267063,1.020368042539648,0.006567595542680604
"frozenset({'NoPersonalityChanges', 'NoConfusion'})","frozenset({'NoDifficultyCompletingTasks', 'NoForgetfulness', 'NoDisorientation'})",0.6645068394528437,0.48524118070554356,0.32901367890568756,0.4951245937161431,1.020368042539648,0.006567595542680604
