antecedents,consequents,antecedent support,consequent support,support,confidence,lift,leverage
"frozenset({'NoDifficultyCompletingTasks', 'NoConfusion'})",frozenset({'NoPersonalityChanges'}),0.6605263157894737,0.8592105263157894,0.5776315789473684,0.8745019920318724,1.017797111706314,0.010100415512465322
frozenset({'NoPersonalityChanges'}),"frozenset({'NoDifficultyCompletingTasks', 'NoConfusion'})",0.8592105263157894,0.6605263157894737,0.5776315789473684,0.6722817764165391,1.017797111706314,0.010100415512465322
"frozenset({'NoDifficultyCompletingTasks', 'NoDisorientation'})",frozenset({'NoPersonalityChanges'}),0.7052631578947368,0.8592105263157894,0.6131578947368421,0.8694029850746269,1.0118625859980344,0.007188365650969586
frozenset({'NoPersonalityChanges'}),"frozenset({'NoDifficultyCompletingTasks', 'NoDisorientation'})",0.8592105263157894,0.7052631578947368,0.6131578947368421,0.7136294027565084,1.0118625859980344,0.007188365650969586
